Workbook

Sheet By search term
A1: Region ID | B1: Region | C1: Hamburger: () | D1: Milkshake: () | E1: Breakup: () | G1: # of regions | H1: =COUNTA(B2:B52) -> 51 | J1: Date Range
A2: 1 | B2: Alabama | C2: 0.64 | D2: 0.24 | E2: 0.12
A3: 2 | B3: Alaska | C3: 0.72 | D3: 0.15 | E3: 0.13
A4: 3 | B4: Arizona | C4: 0.67 | D4: 0.19 | E4: 0.14
A5: 4 | B5: Arkansas | C5: 0.66 | D5: 0.21 | E5: 0.13
A6: 5 | B6: California | C6: 0.63 | D6: 0.21 | E6: 0.16
A7: 6 | B7: Colorado | C7: 0.68 | D7: 0.17 | E7: 0.15
A8: 7 | B8: Connecticut | C8: 0.64 | D8: 0.22 | E8: 0.14
A9: 8 | B9: Delaware | C9: 0.64 | D9: 0.23 | E9: 0.13
A10: 9 | B10: District of Columbia | C10: 0.66 | D10: 0.17 | E10: 0.17
A11: 10 | B11: Florida | C11: 0.63 | D11: 0.23 | E11: 0.14
A12: 11 | B12: Georgia | C12: 0.62 | D12: 0.24 | E12: 0.14
A13: 12 | B13: Hawaii | C13: 0.73 | D13: 0.14 | E13: 0.13
... A52: 51 | B52: Wyoming | C52: 0.69 | D52: 0.17 | E52: 0.14

Sheet by state
A1: Region | B1: Alabama | C1: Alaska | D1: Arizona | E1: Arkansas | F1: California | G1: Colorado | H1: Connecticut | I1: Delaware | J1: District of Columbia | K1: Florida | L1: Georgia | M1: Hawaii | N1: Idaho | O1: Illinois | P1: Indiana | Q1: Iowa | R1: Kansas | S1: Kentucky | T1: Louisiana | U1: Maine | V1: Maryland | W1: Massachusetts | X1: Michigan | Y1: Minnesota | Z1: Mississippi | AA1: Missouri | AB1: Montana | AC1: Nebraska | AD1: Nevada | AE1: New Hampshire | AF1: New Jersey | AG1: New Mexico | AH1: New York | AI1: North Carolina | AJ1: North Dakota | AK1: Ohio | AL1: Oklahoma | AM1: Oregon | AN1: Pennsylvania | AO1: Rhode Island | AP1: South Carolina | AQ1: South Dakota | AR1: Tennessee | AS1: Texas | AT1: Utah | AU1: Vermont | AV1: Virginia | AW1: Washington | AX1: West Virginia | AY1: Wisconsin | AZ1: Wyoming
A2: Hamburger: () | B2: 0.64 | C2: 0.72 | D2: 0.67 | E2: 0.66 | F2: 0.63 | G2: 0.68 | H2: 0.64 | I2: 0.64 | J2: 0.66 | K2: 0.63 | L2: 0.62 | M2: 0.73 | N2: 0.67 | O2: 0.63 | P2: 0.62 | Q2: 0.68 | R2: 0.66 | S2: 0.63 | T2: 0.66 | U2: 0.68 | V2: 0.6 | W2: 0.62 | X2: 0.67 | Y2: 0.68 | Z2: 0.67 | AA2: 0.68 | AB2: 0.73 | AC2: 0.7 | AD2: 0.67 | AE2: 0.67 | AF2: 0.63 | AG2: 0.67 | AH2: 0.63 | AI2: 0.66 | AJ2: 0.69 | AK2: 0.65 | AL2: 0.71 | AM2: 0.69 | AN2: 0.62 | AO2: 0.63 | AP2: 0.66 | AQ2: 0.75 | AR2: 0.65 | AS2: 0.67 | AT2: 0.66 | AU2: 0.7 | AV2: 0.63 | AW2: 0.68 | AX2: 0.65 | AY2: 0.66 | AZ2: 0.69
A3: Milkshake: () | B3: 0.24 | C3: 0.15 | D3: 0.19 | E3: 0.21 | F3: 0.21 | G3: 0.17 | H3: 0.22 | I3: 0.23 | J3: 0.17 | K3: 0.23 | L3: 0.24 | M3: 0.14 | N3: 0.2 | O3: 0.23 | P3: 0.24 | Q3: 0.19 | R3: 0.2 | S3: 0.23 | T3: 0.21 | U3: 0.19 | V3: 0.25 | W3: 0.21 | X3: 0.21 | Y3: 0.19 | Z3: 0.21 | AA3: 0.19 | AB3: 0.15 | AC3: 0.18 | AD3: 0.2 | AE3: 0.2 | AF3: 0.21 | AG3: 0.19 | AH3: 0.21 | AI3: 0.22 | AJ3: 0.19 | AK3: 0.22 | AL3: 0.18 | AM3: 0.18 | AN3: 0.23 | AO3: 0.23 | AP3: 0.22 | AQ3: 0.14 | AR3: 0.22 | AS3: 0.2 | AT3: 0.21 | AU3: 0.16 | AV3: 0.23 | AW3: 0.18 | AX3: 0.23 | AY3: 0.2 | AZ3: 0.17
A4: Breakup: () | B4: 0.12 | C4: 0.13 | D4: 0.14 | E4: 0.13 | F4: 0.16 | G4: 0.15 | H4: 0.14 | I4: 0.13 | J4: 0.17 | K4: 0.14 | L4: 0.14 | M4: 0.13 | N4: 0.13 | O4: 0.14 | P4: 0.14 | Q4: 0.13 | R4: 0.14 | S4: 0.14 | T4: 0.13 | U4: 0.13 | V4: 0.15 | W4: 0.17 | X4: 0.12 | Y4: 0.13 | Z4: 0.12 | AA4: 0.13 | AB4: 0.12 | AC4: 0.12 | AD4: 0.13 | AE4: 0.13 | AF4: 0.16 | AG4: 0.14 | AH4: 0.16 | AI4: 0.12 | AJ4: 0.12 | AK4: 0.13 | AL4: 0.11 | AM4: 0.13 | AN4: 0.15 | AO4: 0.14 | AP4: 0.12 | AQ4: 0.11 | AR4: 0.13 | AS4: 0.13 | AT4: 0.13 | AU4: 0.14 | AV4: 0.14 | AW4: 0.14 | AX4: 0.12 | AY4: 0.14 | AZ4: 0.14
A6: 5a. Freezing panes allows you to keep headers and labels visible while scrolling through large datasets, making it easier to compare and analyze data across many rows and columns.

Sheet sales region lookup
A1: State | B1: Sales Region | C1: Hamburger | D1: Milkshake
A2: Washington | B2: Northwest | C2: =VLOOKUP(A2,'By search term'!B:C,2,FALSE) -> 0.68 | D2: =_xlfn.XLOOKUP(A2,'By search term'!B1:B52,'By search term'!D1:D52,"not found") -> 0.18
A3: Oregon | B3: Northwest | C3: =VLOOKUP(A3,'By search term'!B:C,2,FALSE) -> 0.69 | D3: =_xlfn.XLOOKUP(A3,'By search term'!B2:B53,'By search term'!D2:D53,"not found") -> 0.18
A4: Idaho | B4: Northwest | C4: =VLOOKUP(A4,'By search term'!B:C,2,FALSE) -> 0.67 | D4: =_xlfn.XLOOKUP(A4,'By search term'!B3:B54,'By search term'!D3:D54,"not found") -> 0.2
A5: Montana | B5: Northwest | C5: =VLOOKUP(A5,'By search term'!B:C,2,FALSE) -> 0.73 | D5: =_xlfn.XLOOKUP(A5,'By search term'!B4:B55,'By search term'!D4:D55,"not found") -> 0.15
A6: North Dakota | B6: North Central | C6: =VLOOKUP(A6,'By search term'!B:C,2,FALSE) -> 0.69 | D6: =_xlfn.XLOOKUP(A6,'By search term'!B5:B56,'By search term'!D5:D56,"not found") -> 0.19
A7: South Dakota | B7: North Central | C7: =VLOOKUP(A7,'By search term'!B:C,2,FALSE) -> 0.75 | D7: =_xlfn.XLOOKUP(A7,'By search term'!B6:B57,'By search term'!D6:D57,"not found") -> 0.14
A8: Nebraska | B8: North Central | C8: =VLOOKUP(A8,'By search term'!B:C,2,FALSE) -> 0.7 | D8: =_xlfn.XLOOKUP(A8,'By search term'!B7:B58,'By search term'!D7:D58,"not found") -> 0.18
A9: Minnesota | B9: North Central | C9: =VLOOKUP(A9,'By search term'!B:C,2,FALSE) -> 0.68 | D9: =_xlfn.XLOOKUP(A9,'By search term'!B8:B59,'By search term'!D8:D59,"not found") -> 0.19
A10: Wisconsin | B10: North Central | C10: =VLOOKUP(A10,'By search term'!B:C,2,FALSE) -> 0.66 | D10: =_xlfn.XLOOKUP(A10,'By search term'!B9:B60,'By search term'!D9:D60,"not found") -> 0.2
A11: Michigan | B11: North Central | C11: =VLOOKUP(A11,'By search term'!B:C,2,FALSE) -> 0.67 | D11: =_xlfn.XLOOKUP(A11,'By search term'!B10:B61,'By search term'!D10:D61,"not found") -> 0.21
H12: Column Labels
H13: North Central | J13: Northwest | L13: Total Sum of Milkshake | M13: Total Sum of Hamburger
G14: Row Labels | H14: Sum of Milkshake | I14: Sum of Hamburger | J14: Sum of Milkshake | K14: Sum of Hamburger
G15: Idaho | J15: 0.2 | K15: 0.67 | L15: 0.2 | M15: 0.67
G16: Michigan | H16: 0.21 | I16: 0.67 | L16: 0.21 | M16: 0.67
G17: Minnesota | H17: 0.19 | I17: 0.68 | L17: 0.19 | M17: 0.68
A18: Sales Region | B18: (All) | G18: Montana | J18: 0.15 | K18: 0.73 | L18: 0.15 | M18: 0.73
G19: Nebraska | H19: 0.18 | I19: 0.7 | L19: 0.18 | M19: 0.7
A20: Row Labels | B20: Sum of Hamburger | C20: Sum of Milkshake | G20: North Dakota | H20: 0.19 | I20: 0.69 | L20: 0.19 | M20: 0.69
A21: Idaho | B21: 0.67 | C21: 0.2 | G21: Oregon | J21: 0.18 | K21: 0.69 | L21: 0.18 | M21: 0.69
A22: Michigan | B22: 0.67 | C22: 0.21 | G22: South Dakota | H22: 0.14 | I22: 0.75 | L22: 0.14 | M22: 0.75
A23: Minnesota | B23: 0.68 | C23: 0.19 | G23: Washington | J23: 0.18 | K23: 0.68 | L23: 0.18 | M23: 0.68
A24: Montana | B24: 0.73 | C24: 0.15 | G24: Wisconsin | H24: 0.2 | I24: 0.66 | L24: 0.2 | M24: 0.66
A25: Nebraska | B25: 0.7 | C25: 0.18 | G25: Grand Total | H25: 1.11 | I25: 4.15 | J25: 0.71 | K25: 2.77 | L25: 1.82 | M25: 6.92
A26: North Dakota | B26: 0.69 | C26: 0.19
A27: Oregon | B27: 0.69 | C27: 0.18
A28: South Dakota | B28: 0.75 | C28: 0.14
A29: Washington | B29: 0.68 | C29: 0.18
A30: Wisconsin | B30: 0.66 | C30: 0.2
A31: Grand Total | B31: 6.92 | C31: 1.82
